챔피언,장인1 ,장인2,장인3,장인4,장인5
가렌,서초유,참새우깡,4딸라우스,677,GABUNGKlNG
갈리오,돌모아이,GALBRO,Iove galio,키마널,공주 바넬로피
갱플랭크,마스터가자앗,하상연,SolarbaccaKR,IIlIIIlIIIlIlIIl,광유천
그라가스,Sloppy Walrus,그라가스할래요,beer boom,DK Quad,그라가스요
그레이브즈,Gotham superstar,Regret Day,정글은 뮤트올,Apsw,핑찍으면라인뺏음
그웬,가위치는그웬,Gwen,강길순헤어,규버미,아리마 루비
나르,트위치 민이나르,GEN G NAR,binhgon,흥분하면커집니다,슈슈파나
나미,국 법,현서짱구,붕어튀김,갈리토스,나미유미루루
나서스,김복돌입니다,또 나만 보고싶지,산본백채김치찌개,머리부수는멍멍이,오댕즈 fan
나피리,파란맛 다르킨,망태3,나피리제드탈론,바위게는 사치다,하루커피두잔필수
노틸러스,방울토마토농장,백수 연수,노틸러스그잡채,뚝배기도난사고,42년생 서포터
녹턴,Remika,여친몰래 코파기,별 수호자 헤카림,모구바바,Nocturne
누누와 윌럼프,센양짜증나,Protein Nunu,й사월й,누누교수,이희태
니달리,창피하면어쩔건데,merakiii,에어컨맨,unkn0wnerr0r0x,mau ne la win
니코,SidaRim,코눌엉,9월30일 안오냐,카오스막타전문,만개 장인
닐라,Junt,old Ni,별을 보던 아이,송우석짱,파란늑대
다리우스,스타일엔 간지,미천한놈,롤여캐보면쥬지서요,T w f n o,다리공듀
다이애나,모닝ddong,가을설화,정글안오면처박음,이야공,생활코딩개발자
드레이븐,벙어리사람,김졔왕자님,PS SID,나는용포다,섹시문스윙스
라이즈,룬 마법사 주호민,쿵짝 나는쩡이,Ex Chen,총맞은별,헨젤이그래쪄
라칸,Honpi,쨩구마을,BORN TO LOSE,다녀5세요,Coffee Heim
람머스,huojiangui,달달하구여,rammйs,구르고박고던지기,광연44
럭스,럭포떠,Lux corki,You know 미선 봉,친힐파,쭈쿠쭈쿠
럼블,shengtianbanzi,요들의 불단속,휴식이필요한계정,손효정전남편,원챔유저가싫어요
레나타글라스크,RENATAKlNG,일어나 다시싸워,울진맨,UNSECRET,철갑을 두른 남자
레넥톤,우치하 탑꼬리,KANED,간디도롤하면폭력,YuChen,동대장님
레오나,너 팬,레 폿,완굽남,ills2,똥치리
렉사이,참지않는갓별제자,legennnddd,달빛을 머금은,hold me7,POKERARTE
렐,shungjinsoo,Let me sup,렐복치,호시노 렐,하정효
렝가,Nanook,숲의 사자,박대정,한국산 사자,02 RENGARKING
루시안,종마닝,전 수 완,MostLucian,Wedontknow,상람쥐
룰루,가라나운동한다,바텀툴,디올a,도도S,01팍순이
르블랑,뮤탈리스크,고강철,sdfzzsdf,waogsl,노원 근육남
리신,ART LEE,bei bi 777,굵고 긴 초대남,지눙시,wenjian
리븐,Nata,ISTP 리븐,건애긔,평캔조금합니다,쭈 욤
리산드라,옹냥옹옹냥,차단후리폿전문가,찬세EZPZ,리산드라 중급 봇,wasteprospective
릴리아,Yumeko IiIi,윤맹덕,I 릴 리 아 I,개기월식,너의 룰루
마스터이,후알파,06년생 김유빈,Kingster Yi,Cowsep,희선이어머님
마오카이,파괴신 마오카이,Johanson,울부짖는마오카이,미드 마오카이,차슈덮밥
말자하,믹스테이프,남탓왕 김지황,R1 Malza,달이 이쁜날,현이든
말파이트,제로거,MaIphite,sky99,니 와 글 로,웅오레
모데카이저,GetridELO,Croche,알파PC 탑쟁이,뚜벅저벅씨벅,모붕이야
모르가나,미노오,안경쓴중학생2,시에스훔쳐먹기,DooLy,rnl차나
문도박사,3.29E+15,비시 프랑스,지존핸드맨몬스터,조꾼영,드맨드맨핸드맨
미스포춘,Most MissforTune,미스포츈외길인생,YouTube 라이언,티모복실복실티모,카우걸 미스 포츈
밀리오,최애의 요고몽,유미는 노팬티,밀리오님,요구르팅팅,최유이
바드,2300A,딩디디디딩,feviknight,barusu,바드로세계최강
바루스,Varus Goat,Luzy,Yhll,바루스님,총장 마이키
바이,자메이카흑인,방송인들맵좀가려,9km,영 휘,방송인들맵좀갸려
베이가,룬디내,차쿤하이,그만때려주세용,Stay My Youth,베이강
베인,종탁아보고배워라,픽캔스,One last hope,이건아니지않슴,검정 슬라임
벡스,벡스마스터에요,라인전하기싫어,Vexby,징키냥,4타의 미학
벨베스,meimomeiyangyang,donTwanTdie,김태봉이,벨베스 서폿,탱 녹
벨코즈,aVoid the Q,김미쯔바보,105FA,Astroйaut,딱콩밤엄마
볼리베어,천상천하유아독존,Thisisbear,4 분,니니니골드,구건모
브라움,새콤달콤혜원,Polaris Wang,민혁맨97,M잭종,김건홍
브라이어,신둥이1,고혈 보답,인태 화이팅, lkx,신나브라
브랜드,기쨩이,wade on fire,롯데샌드파인애플,안전벨트좀하자,롤망겜아디삭제
블라디미르,불빛 계약,굿피치,LUUURANKO DISCO,한동훈장관지지자,Code Hun
블리츠크랭크,내가내다비켜라,Chu성훈,lxa22,DooLy,꼬등꼬등어
비에고,VIEGOKlNG,NEED HER,불꽃남자 황종찬,윤스터,ggttlplp015
빅토르,짭파다,VicSin,소중한가치를찾아,스즈후니,제비꽃 필 무렵
뽀삐,YuSungHyun,pink poppy,Bright you,뽀삐 벤 멈춰,귀여운 뽀삐
사미라,llIIIlIllIIlIII,권아윤 이쁘다,메주마르지않아,서미라,대장삼정승
사이온,성이온,원딜초가스,오버파밍의 신,쉬다오는 사이온,Eriko
사일러스,궁복동,아침을 깨우다,사일러스로,한써기,고아원원장김도헌
샤코,YOU 투쇼드 TUBE,rbdvrewewvwe,Assasiй,가나안해장탕,김띠용이
세나,Oh0Tech,강철 세나,나를믿는자기암시,황금마늘보쌈,트위치 작은콩
세라핀,우웅히힛,먀 하,전선희,전선희 제자,김영삼각근
세주아니,lIIllIIlIlIlllI,브리슬할계요,최현우,절대 흥분하지마,이젠 졸려
세트,아가리,SETTKING,빅맥감튀콜라세트,세트 크산테,챌못달면오프파코
소나,플4에서벽느낌,KOR SONA,소나는 말못해,소율임,밀크티 UP
소라카,정미인아,무호흡 힐,귀여운 소라카,후배위해주는선배,귀엽고 이쁘당
쉔,IVIi ru,모하쉔,쉔드백,재의 수호자 쉔,우치하 오쉔재
쉬바나,LilySua,하부 격차,쉬바나비보벳따우,Mute all 정글링,1정진호
스웨인,시바견꼼이탱이,주환 휴목,공주는욕하지않아,봇 권위자,스웨인군단장
스카너,,,,,
시비르,탈영병 김종인,구여름,마검 느비에느,겨울바다 얼음꽃,Tar ar ais fan
신 짜오,육훈소 제육볶음,알았어언니,Eito,레넥신짜오,잡초머리
신드라,98zz,1st Mage,전 랭,진리냥,멘탈의 왕
신지드,인류의숙제 탈모,SlNGED,xinzide emperor,노오란감귤,tou yun yan hua
쓰레쉬,롤덤비셈,빵가져와라,손코입,푸루푸루의알,god jeong
아리,롤이 망할때가 되,따뜻한 둥굴레차,슬픈솔랭,매혹매혹매혹매혹,NEW HJ
아무무,도자기 아무무 봇,LeeYeaChan,9km,Player10,수수링
아우렐리온 솔,Daйte,Mr ZCC,으 화나쩡,현 솔,스타크래프트
아이번,탑아이번갑니다,파블로프의 돼지,졸다가코베인,코쿠시보 데이지,초 목
아지르,FuIIs,존중겸손집중인내,cai xu kun,K N,Twitch 영지르
아칼리,아이리 칸나,Korea Akali King,달콤한 별사탕,행지똘망고,06 akail king
아크샨,겸상 좀 하지마,엄청난소시지,no Jing Jing plz,김아현악마,ldhsky
아트록스,아 초 록 스,김민재04,NAAYIL KR,zehus,팡숙07
아펠리오스,엠동2,X X X X X X X,세그루,So Romantic,집중해라 이현아
알리스타,로미스타,덩치 큰 서윗남,oPsyCho,바람고추,얌이얌이
애니,yang fu yang,홍대토목애니장인,miku love,jjinnn,안녕 띠버
애니비아,AI 애니비아,Samba,꿀감자야,스마일안줄거야,늙고힘든애니비아
애쉬,평타난사,AsheMaster,고맹이,나의성장막아봐,LangLang
야스오,검 좀 다룹니다,THIS IS MY PEAK,아오 밍구시치,야원시대,2312
에코,순r모,까미야뒤로굴러,등촌양동대일서강,Jin Long Bin,승훈짜장
엘리스,엄대두1,찡 주,암살 서포터,읍얍읍얍,이른너머회춘
오공,정글오공 김휘인,웅오레,Love Wukong,그모시라꼬,91310196del
오른,오른으로박는사람,Hide on forge,난입 오른,곽 쿨,존배맨
오리아나,LunaLina,soul1lol,BARKBOOBARK,얻 기,내가널Apdo하겠다
올라프,기묘기묘,상냥한탑신병자,OOLAFKING,안산 마빡주영,Raroy
요네,주목해줘,Absolute focus,bie xin nv ren,하누주,제일 강한 검
요릭,철 릭,3buzzingwilds,삽과 창 방패,йй태태йй,삽쟁이란 말이다
우디르,Attack Run udyr,KR Udyr,오브크,바우곰,Twitch 곰팡호
우르곳,언덕 위의 힐다,모기가앙물었쩌,항문처형인노현우,세체곳,Barrett H11
워윅,늑대로,skinoo,늑대세끼,MGoonL,King Warwick
유미,쏘 히,18캐럿해리,Aйdy,원딜그루밍,달의 요정 세미
이렐리아,General irel,Sunnnz,강해율,이렐아칼리,감자전만두
이블린,wudiwudiwudiwudi,dlrjdhoclsizz,고현석,수딘부캐10,이블린왔당
이즈리얼,어린이즈,돔황챠아아아,원딜러 이카나비,three years,한판론 권위자
일라오이,행성파괴자조강현,비비비빅맨,딸딸일라오이,G1psyDanger,범코야끼
자르반 4세,사람인곳만감,이게그리잼있다며,우리팀은짐승,빡 표,Agurin was here
자야,귀염둑이,태형아그마가자,자야 깃털뽑기,태오 에르난데스,waiki
자이라,토드와일러,Pigro,5570154del,Aeahsea,울보댕댕이
자크,전투젤리몬,핑크자크핑두,젤 리 만 땅,역시폭군,개 천
잔나,잔나킹,쓰 맵,네게 달려올게,Nightblue,찹 또
잭스,cryOvO,버렸으면핑찍지마,Ajou University,여긴중국서버인가,으쌰으쌰 화이팅
제드,불멸의 영웅 율드,Gerard Pique,N4G1,liillllilliii,HI INFJ
제라스,기억찾은박,Xerath,매운 새우깡 킬러,정글로가겠어요,응애나는애기양
제리,화양연화를꿈꾸다,땅굴팀 원딜러,자몽혀니블랙티,EnergyBaserin,웡 밍
제이스,쓰레기망나니,Upgrade 할거야,moonyou,섹머신건우,인강승리팁라이너
조이,Iove zoe,조포터할게요,아랍킹1,백밥오,보육원출신우리팀
직스,몽땅다람쥐,Lv 1 Ziggs,작고귀엽다,Gen G Seeder,Redmouse
진,how lovely,BTS JHIN,잠깐 타임 장전좀,4타의 미학,행복을찾는거에요
질리언,To 고별,질리언룰루소라카,설레는BOMB,AfreecaTv 춘수,질 장
징크스,징크스의 미니건,엉덩국 갱숭제로,짱군이,당지파,gank zero
초가스,육 초,초가스노밴,스바라시맨,my힐링엔젤민아,chzm
카르마,마지막 우리,YUN Mungsil,카르맛,얄미운지니,코리아국밥
카밀,순보타는갓타리나,이다빈짱이다,So sunny day,신분 세탁 1,엉민이에오
카사딘,16win,쌩배카사딘원챔충,헨젤이그래쪄,I Quit,벌레성님
카서스,살생부적는카서스,고 인 영,존야이거또안눌려,진혼song,죽어서딜해요
카시오페아,내 균,마님의뽕짝,Chang Min,10새77J,두길이
카이사,KR KaiSa,돼지크면맘모스,minsdog,하스바스,kieungao
카직스,asdf45yhfg,짐승은차단합니다,호연냥,카직스1타강사,It was a dream
카타리나,미드안오면나락,화려하게카타리나,11월에 돌아올게,그냥캐리해야지,카타형
칼리스타,JALP,찢찢찢찢찢,아직조금더,칼리제리와사바리,왜화면이항상흑백
케넨,전자전기공학땃쥐,신지S3,푸짐 근,mini 볼베,뚱띠뚱쓰푸바옹
케이틀린,True Luv,dptkhglid,고아 케이틀린,30대의 불꽃투혼,CrazyCat33
케인,윤탄탄,안산 중앙역,비탈리스 신,zao chen zz,From the top
케일,우유없는시리얼,easyyy,R 신성한 심판,혀누 속상해,P 거룩한 승천
코그모,코그모 킹,콕구몽,MayBeSoft,지옥간호사,chasquido
코르키,코르키 랭킹1위,탈카키의 코,코르키 조아요,효도하는 범균,개지호
퀸,함현식,전적검색절실하다,박희승1,구리보이,van Dyke
크산테,이름 조건제,Toward The Goal,Akapas,최애의 종훈,바론맛우유
클레드,저승건수,kled9,군대 클레드,핑핑아 울지마,성소녀 영역
키아나,달이 이쁜날,Qiyaua,Bush By Queen,알잘딱깔센해줄게,YeQiuFengCarryGG
킨드레드,tiandiyijinghong,공원영,엄 지 명,거 먹,AQWERAAA
타릭,bao shi wang,김종애,스턴 달린 혜지,Green Melody,AllYouNeedtoKnow
탈론,never have luck,이뉘시안걸면발사,li ren 888,1040599067,못해서미안
탈리야,TL Midbeast,Sole7,힌 셩,라꾸루,dddsdf43d
탐 켄치,두꺼비 아줌마,Twitch 탐탐이,똥챔밖에할줄모름,오상용,마왕 탐 켄치
트런들,발큐리아,왜 상대만 오는데,트런들의포탑단속,탑런들,sigoto
트리스타나,트위치 흥커복,교수트타,저물어가는해,KIM JEONG MIN,7zip
트린다미어,세금왕,우리정글 탑유기,그래기대도안했어,loliillidldi,의문의트린다미어
트위스티드 페이트,LEVAINRULES,riteleader,Vanessa Mae,행비니,재원이는 재 원해
트위치,약속의독,성 녀,노약좌석뺏기장인,어린트위치,찍찍이쌤
티모,돌아온 팔블,이화꽃,안싸티,이지하네요,너구리독
파이크,푸루푸루의알,SOODAйGKIM,Bs Sup 2,정기명,9THUG LIFE6
판테온,Smear Snot,우번개,보통 투창,고귀한흑표범슈자,뇌 녹 사
피들스틱,너의멘탈도한계다,power21,caorenjiaoxue,메론뀰맛있어,Pinginngde
피오라,역경을헤치고별의세계로,Fiora,밥주석,손필견,파인애플검희
피즈,IlllllllIIIIII,메필레스 더 다크,flawless love,DaFaem,룽 짐
하이머딩거,지코매니저빵테,하이머다빈,DlNGKING,결속의 반지,딩거짜응
헤카림,suqi jug,baah,클 태 이룰 성,진심으로 대하다,노력하는 인마
